"col1","col2","col3","col4","col5","col6","col7","col8","col9","col10"
"Chris Pool Translation
Edit | Quick Edit | Trash | View | Purge from cache","Editors, Post-Production, Translation and Facilitators, Translator","Published
2025/10/31 at 8:40 am","Focus keyphrase not set","Good","Chris Pool Translation - Freelancers Promotions","—Meta description not set.","—Focus keyphrase not set.","0","0"
"Holmes Editing
Edit | Quick Edit | Trash | View | Purge from cache","Editors, Post-Production, Visual FX","Published
2025/10/27 at 12:12 pm","Focus keyphrase not set","Good","Holmes Editing - Freelancers Promotions","—Meta description not set.","—Focus keyphrase not set.","0","0"
"The Creative Producer
Edit | Quick Edit | Trash | View | Purge from cache","Health and Wellbeing, Industry Training","Published
2025/09/11 at 10:53 am","Focus keyphrase not set","Good","The Creative Producer - Freelancers Promotions","—Meta description not set.","—Focus keyphrase not set.","0","0"
"PMN Group Productions
Edit | Quick Edit | Trash | View | Purge from cache","Editors, Post-Production","Published
2025/07/30 at 4:22 pm","Focus keyphrase not set","Not available","PMN Group Productions - Freelancers Promotions","—Meta description not set.","—Focus keyphrase not set.","0","0"
"The Video Van
Edit | Quick Edit | Trash | View | Purge from cache","On Set Tools, Tracking Vehicles","Published
2025/07/09 at 1:26 pm","Focus keyphrase not set","Not available","The Video Van - Freelancers Promotions","—Meta description not set.","—Focus keyphrase not set.","0","0"
"CAMVAN
Edit | Quick Edit | Trash | View | Purge from cache","Camera Houses, Studio Space","Published
2025/06/20 at 1:40 pm","Focus keyphrase not set","Not available","CAMVAN - Freelancers Promotions","—Meta description not set.","—Focus keyphrase not set.","0","0"
"Massey Guzzi – Midwife
Edit | Quick Edit | Trash | View | Purge from cache","Medical Services","Published
2025/05/29 at 1:28 pm","Focus keyphrase not set","Not available","Massey Guzzi - Midwife - Freelancers Promotions","—Meta description not set.","—Focus keyphrase not set.","0","0"
"Australian Cinematographers Society
Edit | Quick Edit | Trash | View | Purge from cache","Industry Bodies","Published
2025/05/09 at 12:35 pm","Focus keyphrase not set","Not available","Australian Cinematographers Society - Freelancers Promotions","—Meta description not set.","—Focus keyphrase not set.","0","0"
"Splice Boys
Edit | Quick Edit | Trash | View | Purge from cache","Camera Houses, Visual FX","Published
2025/04/22 at 12:02 pm","Focus keyphrase not set","Not available","Splice Boys - Freelancers Promotions","—Meta description not set.","—Focus keyphrase not set.","0","0"
"Tamale Studios
Edit | Quick Edit | Trash | View | Purge from cache","Studio Space","Published
2025/04/22 at 11:36 am","Focus keyphrase not set","Not available","Tamale Studios - Freelancers Promotions","—Meta description not set.","—Focus keyphrase not set.","0","0"
"SmartProd
Edit | Quick Edit | Trash | View | Purge from cache","Production Solutions","Published
2025/04/16 at 9:33 am","Focus keyphrase not set","Not available","SmartProd - Freelancers Promotions","—Meta description not set.","—Focus keyphrase not set.","0","0"
"The Australian Steadicam Academy
Edit | Quick Edit | Trash | View | Purge from cache","Industry Training","Published
2025/04/16 at 9:19 am","Focus keyphrase not set","Not available","The Australian Steadicam Academy - Freelancers Promotions","—Meta description not set.","—Focus keyphrase not set.","0","0"
"(no title)
Edit | Quick Edit | Trash | View | Purge from cache","Studio Space","Published
2025/04/11 at 1:06 pm","Focus keyphrase not set","Not available","- Freelancers Promotions","—Meta description not set.","—Focus keyphrase not set.","0","0"
"Shotbag
Edit | Quick Edit | Trash | View | Purge from cache","On Set Tools","Published
2025/04/09 at 10:37 am","Focus keyphrase not set","Not available","Shotbag - Freelancers Promotions","—Meta description not set.","—Focus keyphrase not set.","0","0"
"WIFT
Edit | Quick Edit | Trash | View | Purge from cache","Industry Bodies","Published
2025/04/09 at 10:23 am","Focus keyphrase not set","Not available","WIFT - Freelancers Promotions","—Meta description not set.","—Focus keyphrase not set.","0","0"
"SHOTCLASS
Edit | Quick Edit | Trash | View | Purge from cache","Industry Training","Published
2025/04/09 at 10:11 am","Focus keyphrase not set","Not available","SHOTCLASS - Freelancers Promotions","—Meta description not set.","—Focus keyphrase not set.","0","0"
"Screen Presence
Edit | Quick Edit | Trash | View | Purge from cache","Industry Inclusivity","Published
2025/04/09 at 10:03 am","Focus keyphrase not set","Not available","Screen Presence - Freelancers Promotions","—Meta description not set.","—Focus keyphrase not set.","0","0"
"Posture Therapy
Edit | Quick Edit | Trash | View | Purge from cache","Health and Wellbeing","Published
2025/04/04 at 2:00 pm","Focus keyphrase not set","Not available","Posture Therapy - Freelancers Promotions","—Meta description not set.","—Focus keyphrase not set.","0","0"
"Video Assist App for iPad
Edit | Quick Edit | Trash | View | Purge from cache","On Set Tools","Published
2025/03/27 at 12:35 pm","Focus keyphrase not set","Not available","Video Assist App for iPad - Freelancers Promotions","—Meta description not set.","—Focus keyphrase not set.","0","0"
"MotoGrips Audi Q7 Motocrane
Edit | Quick Edit | Trash | View | Purge from cache","Tracking Vehicles","Published
2025/03/27 at 11:46 am","Focus keyphrase not set","Not available","MotoGrips Audi Q7 Motocrane - Freelancers Promotions","—Meta description not set.","—Focus keyphrase not set.","0","0"
"MotoGrips Polaris Kinetic EV
Edit | Quick Edit | Trash | View | Purge from cache","Tracking Vehicles","Published
2025/03/27 at 11:39 am","Focus keyphrase not set","Not available","MotoGrips Polaris Kinetic EV - Page 2 of 3 - Freelancers Promotions","—Meta description not set.","—Focus keyphrase not set.","0","0"
"MotoGrips RZR Arm Car
Edit | Quick Edit | Trash | View | Purge from cache","Tracking Vehicles","Published
2025/03/27 at 11:38 am","Focus keyphrase not set","Not available","MotoGrips RZR Arm Car - Page 2 of 3 - Freelancers Promotions","—Meta description not set.","—Focus keyphrase not set.","0","0"
"Sharegear
Edit | Quick Edit | Trash | View | Purge from cache","Camera Houses","Published
2025/03/20 at 2:25 pm","Focus keyphrase not set","Not available","Sharegear - Page 2 of 3 - Freelancers Promotions","—Meta description not set.","—Focus keyphrase not set.","0","0"
"(no title)
Edit | Quick Edit | Trash | View | Purge from cache","Studio Space","Published
2025/03/07 at 9:23 am","Focus keyphrase not set","Not available","- Page 2 of 3 - Freelancers Promotions","—Meta description not set.","—Focus keyphrase not set.","0","0"
"OFFSHOOT
Edit | Quick Edit | Trash | View | Purge from cache","Camera Houses","Published
2024/11/20 at 8:56 am","Focus keyphrase not set","Not available","OFFSHOOT - Page 2 of 3 - Freelancers Promotions","—Meta description not set.","—Focus keyphrase not set.","0","0"
"Makeup HQ
Edit | Quick Edit | Trash | View | Purge from cache","Studio Space","Published
2024/11/06 at 2:26 pm","Focus keyphrase not set","Not available","Makeup HQ - Page 2 of 3 - Freelancers Promotions","—Meta description not set.","—Focus keyphrase not set.","0","0"
"Crew Call
Edit | Quick Edit | Trash | View | Purge from cache","Invoicing App","Published
2024/09/04 at 3:02 pm","Focus keyphrase not set","Not available","Crew Call - Page 2 of 3 - Freelancers Promotions","—Meta description not set.","—Focus keyphrase not set.","0","0"
"The Cutting Room
Edit | Quick Edit | Trash | View | Purge from cache","Editors, Post-Production","Published
2024/09/03 at 2:18 pm","Focus keyphrase not set","Not available","The Cutting Room - Page 2 of 3 - Freelancers Promotions","—Meta description not set.","—Focus keyphrase not set.","0","0"
"VicScreen
Edit | Quick Edit | Trash | View | Purge from cache","Industry Bodies","Published
2024/08/16 at 10:50 am","Focus keyphrase not set","Not available","VicScreen - Page 2 of 3 - Freelancers Promotions","—Meta description not set.","—Focus keyphrase not set.","0","0"
"Hitmaker Studios
Edit | Quick Edit | Trash | View | Purge from cache","Production Office Space, Studio Space","Published
2024/07/26 at 2:01 pm","Focus keyphrase not set","Not available","Hitmaker Studios - Page 2 of 3 - Freelancers Promotions","—Meta description not set.","—Focus keyphrase not set.","0","0"
"Visual FX — Draft
Edit | Quick Edit | Trash | Preview | Purge from cache","—
No Screen Services","Last Modified
2024/05/31 at 2:33 pm","Focus keyphrase not set","Not available","Visual FX - Page 2 of 3 - Freelancers Promotions","—Meta description not set.","—Focus keyphrase not set.","0",""
"MEAA
Edit | Quick Edit | Trash | View | Purge from cache","Industry Bodies","Published
2024/05/22 at 3:10 pm","Focus keyphrase not set","Not available","MEAA - Page 2 of 3 - Freelancers Promotions","—Meta description not set.","—Focus keyphrase not set.","0","1"
"Proctor Major
Edit | Quick Edit | Trash | View | Purge from cache","Industry Accountants","Published
2024/05/22 at 10:12 am","Focus keyphrase not set","Not available","Proctor Major - Page 2 of 3 - Freelancers Promotions","—Meta description not set.","—Focus keyphrase not set.","0","1"
"Melbourne Screen Hub
Edit | Quick Edit | Trash | View | Purge from cache","Melbourne Screen Hub, Production Office Space","Published
2024/05/10 at 4:41 pm","Focus keyphrase not set","Not available","Melbourne Screen Hub - Page 2 of 3 - Freelancers Promotions","—Meta description not set.","—Focus keyphrase not set.","0","1"
"Life Aid
Edit | Quick Edit | Trash | View | Purge from cache","Medical Services","Published
2024/05/10 at 2:57 pm","Focus keyphrase not set","Not available","Life Aid - Page 2 of 3 - Freelancers Promotions","—Meta description not set.","—Focus keyphrase not set.","0","1"
"Tenacious VR
Edit | Quick Edit | Trash | View | Purge from cache","Virtual Reality","Published
2024/05/10 at 10:48 am","Focus keyphrase not set","Not available","Tenacious VR - Page 2 of 3 - Freelancers Promotions","—Meta description not set.","—Focus keyphrase not set.","0","1"
"Glow Clean
Edit | Quick Edit | Trash | View | Purge from cache","Cleaning Services","Published
2024/05/10 at 10:39 am","Focus keyphrase not set","Not available","Glow Clean - Page 2 of 3 - Freelancers Promotions","—Meta description not set.","—Focus keyphrase not set.","0","1"
"Australian Stunt Management
Edit | Quick Edit | Trash | View | Purge from cache","Safety & Stunts","Published
2024/05/03 at 5:28 pm","Focus keyphrase not set","Not available","Australian Stunt Management - Page 2 of 3 - Freelancers Promotions","—Meta description not set.","—Focus keyphrase not set.","0","1"
"VIC Traffic and Labour Solutions
Edit | Quick Edit | Trash | View | Purge from cache","Security, Traffic Management","Published
2024/05/03 at 5:24 pm","Focus keyphrase not set","Not available","VIC Traffic and Labour Solutions - Page 2 of 3 - Freelancers Promotions","—Meta description not set.","—Focus keyphrase not set.","0","1"
"XM2
Edit | Quick Edit | Trash | View | Purge from cache","Drones, Moving Camera Platforms","Published
2024/05/03 at 4:11 pm","Focus keyphrase not set","Not available","XM2 - Page 2 of 3 - Freelancers Promotions","—Meta description not set.","—Focus keyphrase not set.","0","1"
"The Prop Collective
Edit | Quick Edit | Trash | View | Purge from cache","Props Store","Published
2024/05/03 at 3:19 pm","Focus keyphrase not set","Not available","The Prop Collective - Page 3 of 3 - Freelancers Promotions","—Meta description not set.","—Focus keyphrase not set.","0","1"
"The Vision House
Edit | Quick Edit | Trash | View | Purge from cache","Camera Houses","Published
2023/08/27 at 8:57 am","Focus keyphrase not set","Not available","The Vision House - Page 3 of 3 - Freelancers Promotions","—Meta description not set.","—Focus keyphrase not set.","0","1"